TOOL NAME,W/O,SIZE & THREAD,MATERIAL,MODEL,MATERIAL NO,PART NUMBER,QUANTITY,LOCATION
BRIDGE PLUG,WO25-003-P34-037,"9-5\8"" STUB ACME",L80,PFT,N/A,702T100001009-REV-A,1,W/EXT
BRIDGE PLUG,WO25-003-P34-013,"9-5\8"" STUB ACME",L80,PFT,N/A,702T100001009-REV-A,1,W/EXT
BRIDGE PLUG,WO25-003-P34-011,"9-5\8"" STUB ACME",L80,PFT,N/A,702T100001009-REV-A,1,W/EXT
BRIDGE PLUG,WO25-003-P35-005,"9-5\8"" STUB ACME",L80,PFT,N/A,702T100001010-REV-A,1,W/EXT
BRIDGE PLUG,WO25-003-P35-028,"9-5\8"" STUB ACME",L80,PFT,N/A,702T100001010-REV-A,1,W/EXT
BRIDGE PLUG,WO25-003-P35-015,"9-5\8"" STUB ACME",L80,PFT,N/A,702T100001010-REV-A,1,W/EXT
BRIDGE PLUG,WO24-003-P041-021,"9-5\8"" STUB ACME",L80,PFT,N/A,702T100001009-REV-A,1,W/EXT
BRIDGE PLUG,WO25-003-P34-039,"9-5\8"" STUB ACME",L80,PFT,N/A,702T100001009-REV-A,1,W/EXT
BRIDGE PLUG,WO25-003-P34-009,"9-5\8"" STUB ACME",L80,PFT,N/A,702T100001009-REV-A,1,W/EXT
BRIDGE PLUG,WO25-003-P35-035,"9-5\8"" STUB ACME",L80,PFT,N/A,702T100001010-REV-A,1,W/EXT
BRIDGE PLUG,WO25-003-P34-007,"9-5\8"" STUB ACME",L80,PFT,N/A,702T100001009-REV-A,1,W/EXT
BRIDGE PLUG,WO25-003-P35-001,"9-5\8"" STUB ACME",L80,PFT,N/A,702T100001009-REV-A,1,W/EXT
BRIDGE PLUG,"WO25-003-P35-017, W025-003-P34-017","9-5\8"" STUB ACME",L80,PFT,N/A,"702T100001010-REV-A,  702T100001009-REV-A",1,W/EXT
BRIDGE PLUG,WO25-003-P35-023,"9-5\8"" STUB ACME",L80,PFT,N/A,702T100001010-REV-A,1,W/EXT
BRIDGE PLUG,WO25-003-P35-025,"9-5\8"" STUB ACME",L80,PFT,N/A,702T100001010-REV-A,1,W/EXT
BRIDGE PLUG,WO25-003-P34-030,"9-5\8"" STUB ACME",L80,PFT,N/A,702T100001009-REV-A,1,W/EXT
BRIDGE PLUG,WO25-003-P35-031,"9-5\8"" STUB ACME",L80,PFT,N/A,702T100001010-REV-A,1,W/EXT
BRIDGE PLUG,WO25-003-P35-019,"9-5\8"" STUB ACME",L80,PFT,N/A,702T100001010-REV-A,1,W/EXT
BRIDGE PLUG,WO25-003-P35-003,"9-5\8"" STUB ACME",L80,PFT,N/A,702T100001010-REV-A,1,W/EXT
BRIDGE PLUG,WO25-003-P34-033,"9-5\8"" STUB ACME",L80,PFT,N/A,702T100001009-REV-A,1,W/EXT
CR convertible to BP,WO24-001-P040-003,"9-5\8"" STUB ACME",L80,PFT,N/A,702T100001009-REV-A,1,W/EXT
CR convertible to BP,WO24-001-P041-001,"9-5\8"" STUB ACME",L80,PFT,N/A,702T100001010-REV-A,1,W/EXT
CR convertible to BP,"WO24-001-P040-011, W024-001-P041-011","9-5\8"" STUB ACME",L80,PFT,N/A,"702T100001009-REV-A, 702T100001010-REV-A",1,W/EXT
CR convertible to BP,WO24-001-P041-007,"9-5\8"" STUB ACME",L80,PFT,N/A,702T100001010-REV-A,1,W/EXT
CR convertible to BP,WO24-001-P041-009,"9-5\8"" STUB ACME",L80,PFT,N/A,702T100001010-REV-A,1,W/EXT
CR convertible to BP,WO24-001-P041-005,"9-5\8"" STUB ACME",L80,PFT,N/A,702T100001010-REV-A,1,W/EXT
CR convertible to BP,WO24-001-P053-003,"7"" STUB ACME",L80,PFT,N/A,707P100001006-REV-A,1,W/EXT
CR convertible to BP,WO24-001-P051-001,"7"" STUB ACME",L80,PFT,N/A,707P100001003-REV-A,1,W/EXT
CEMENT RETAINER,N/A,"7""",L80,,N/A,SEG-CR-01,1,WORKSHOP
CEMENT RETAINER,N/A,"7""",L80,,N/A,SEG-CR-02,1,WORKSHOP
CEMENT RETAINER,N/A,"7""",L80,,N/A,SEG-CR-03,1,WORKSHOP
CEMENT RETAINER,N/A,"7""",L80,,N/A,SEG-CR-04,1,WORKSHOP
BRIDGE PLUG,WO25-003-P06-071,"7"" STUB ACME",L80,PFT,N/A,707P100001006-REV-A,1,W/EXT
BRIDGE PLUG,WO25-003-P07-003,"7"" STUB ACME",L80,PFT,N/A,707P100001007-REV-A,1,W/EXT
BRIDGE PLUG,WO25-003-P06-007,"7"" STUB ACME",L80,PFT,N/A,707P100001006-REV-A,1,W/EXT
BRIDGE PLUG,WO25-003-P07-005,"7"" STUB ACME",L80,PFT,N/A,707P100001007-REV-A,1,W/EXT
BRIDGE PLUG,WO25-003-P07-015,"7"" STUB ACME",L80,PFT,N/A,707P100001007-REV-A,1,W/EXT
BRIDGE PLUG,WO25-003-P07-011,"7"" STUB ACME",L80,PFT,N/A,707P100001007-REV-A,1,W/EXT
BRIDGE PLUG,WO25-003-P07-013,"7"" STUB ACME",L80,PFT,N/A,707P100001007-REV-A,1,W/EXT
BRIDGE PLUG,WO25-003-P06-001,"7"" STUB ACME",L80,PFT,N/A,707P100001006-REV-A,1,W/EXT
BRIDGE PLUG,WO24-001-P053-001,"7"" STUB ACME",L80,PFT,N/A,707P100001006-REV-A,1,W/EXT
BRIDGE PLUG,WO25-003-P07-019,"7"" STUB ACME",L80,PFT,N/A,707P100001007-REV-A,1,W/EXT
BRIDGE PLUG,N/A,"7""",L80,,20220214003,N/A,1,WORKSHOP
MECH SET SLIP,WO24-001-P060-002,"7"" ",L80,PFT,N/A,702T100001002/#3-REV-A,1,W/EXT
MECH SET SLIP,WO24-001-P036-001,"9-5/8""",L80,PFT,N/A,702T100001003/#7-REV-A,1,W/EXT
MECH SET SLIP,WO24-001-P036-008,"9-5/8""",L80,PFT,N/A,702T100001003/#1-REV-A,1,W/EXT
MECH SET SLIP,WO24-001-P036-004,"9-5/8""",L80,PFT,N/A,702T100001003/#3-REV-A,1,W/EXT
MECH SET SLIP,WO24-001-P036-010,"9-5/8""",L80,PFT,N/A,702T100001003/#4-REV-A,1,W/EXT
MECH SET SLIP,WO24-001-P036-005,"9-5/8""",L80,PFT,N/A,702T100001003/#6-REV-A,1,W/EXT
MECH SET SLIP,WO24-001-P036-007,"9-5/8""",L80,PFT,N/A,702T100001003/#3-REV-A,1,W/EXT
MECH SET SLIP,WO24-001-P036-006,"9-5/8""",L80,PFT,N/A,702T100001003/#3-REV-A,1,W/EXT
MECH SET SLIP,WO24-001-P036-003,"9-5/8""",L80,PFT,N/A,702T100001003/#1-REV-A,1,W/EXT
MECH SET SLIP,WO24-001-P036-002,"9-5/8""",L80,PFT,N/A,702T100001003/#8-REV-A,1,W/EXT
MECH SET SLIP,WO24-001-P036-009,"9-5/8""",L80,PFT,N/A,702T100001003/#2-REV-A,1,W/EXT
MECH SET SLIP,WO24-001-P060-001,"7"" ",L80,PFT,N/A,702T100001002/#4-REV-A,1,W/EXT
WL SET SLIP,WO25-003-P02-010,"7"" ",L80,PFT,N/A,707P100001002-REV-A,1,W/EXT
WL SET SLIP,WO25-003-P02-008,"7"" ",L80,PFT,N/A,707P100001002-REV-A,1,W/EXT
WL SET SLIP,WO25-003-P02-005,"7"" ",L80,PFT,N/A,707P100001002-REV-A,1,W/EXT
WL SET SLIP,WO25-003-P02-003,"7"" ",L80,PFT,N/A,707P100001002-REV-A,1,W/EXT
WL SET SLIP,WO25-003-P02-002,"7"" ",L80,PFT,N/A,707P100001002-REV-A,1,W/EXT
WL SET SLIP,WO25-003-P02-001,"7"" ",L80,PFT,N/A,707P100001002-REV-A,1,W/EXT
WL SET SLIP,WO25-003-P02-007,"7"" ",L80,PFT,N/A,707P100001002-REV-A,1,W/EXT
WL SET SLIP,WO25-003-P02-004,"7"" ",L80,PFT,N/A,707P100001002-REV-A,1,W/EXT
WL SET SLIP,WO25-003-P02-006,"7"" ",L80,PFT,N/A,707P100001002-REV-A,1,W/EXT
WL SET SLIP,WO25-003-P02-009,"7"" ",L80,PFT,N/A,707P100001002-REV-A,1,W/EXT
WL SET SLIP,WO25-003-P30-004,"9-5\8"" ",L80,PFT,N/A,702T100001015-REV-A,1,W/EXT
WL SET SLIP,WO25-003-P30-015,"9-5\8"" ",L80,PFT,N/A,702T100001015-REV-A,1,W/EXT
WL SET SLIP,WO25-003-P30-007,"9-5\8"" ",L80,PFT,N/A,702T100001015-REV-A,1,W/EXT
WL SET SLIP,WO25-003-P30-003,"9-5\8"" ",L80,PFT,N/A,702T100001015-REV-A,1,W/EXT
WL SET SLIP,WO25-003-P30-009,"9-5\8"" ",L80,PFT,N/A,702T100001015-REV-A,1,W/EXT
WL SET SLIP,WO25-003-P30-010,"9-5\8"" ",L80,PFT,N/A,702T100001015-REV-A,1,W/EXT
WL SET SLIP,WO25-003-P30-014,"9-5\8"" ",L80,PFT,N/A,702T100001015-REV-A,1,W/EXT
WL SET SLIP,WO25-003-P30-016,"9-5\8"" ",L80,PFT,N/A,702T100001015-REV-A,1,W/EXT
WL SET SLIP,WO25-003-P30-012,"9-5\8"" ",L80,PFT,N/A,702T100001015-REV-A,1,W/EXT
WL SET SLIP,WO25-003-P30-020,"9-5\8"" ",L80,PFT,N/A,702T100001015-REV-A,1,W/EXT
WL SET SLIP,WO25-003-P30-019,"9-5\8"" ",L80,PFT,N/A,702T100001015-REV-A,1,W/EXT
WL SET SLIP,WO25-003-P30-013,"9-5\8"" ",L80,PFT,N/A,702T100001015-REV-A,1,W/EXT
WL SET SLIP,WO25-003-P30-005,"9-5\8"" ",L80,PFT,N/A,702T100001015-REV-A,1,W/EXT
WL SET SLIP,WO25-003-P30-008,"9-5\8"" ",L80,PFT,N/A,702T100001015-REV-A,1,W/EXT
WL SET SLIP,WO25-003-P30-017,"9-5/8""",L80,PFT,N/A,702T100001015-REV-A,1,W/EXT
WL SET SLIP,WO25-003-P30-002,"9-5/8""",L80,PFT,N/A,702T100001015-REV-A,1,W/EXT
WL SET SLIP,WO25-003-P30-018,"9-5/8""",L80,PFT,N/A,702T100001015-REV-A,1,W/EXT
WL SET SLIP,WO25-003-P30-011,"9-5/8""",L80,PFT,N/A,702T100001015-REV-A,1,W/EXT
WL SET SLIP,WO25-003-P30-006,"9-5/8""",L80,PFT,N/A,702T100001015-REV-A,1,W/EXT
WL SET SLIP,WO25-003-P30-001,"9-5/8""",L80,PFT,N/A,702T100001015-REV-A,1,W/EXT
K1 MST,WO24-001-P023-001,"9-5\8"" EUE",L80,PFT,N/A,715T120001008-REV-A,1,W/EXT
K1 MST,WO24-001-P023-001,"9-5\8"" EUE",L80,PFT,N/A,715T120001008-REV-A,1,W/EXT
K1 MST,WO25-004-P036-001,"9-5\8"" EUE",L80,PFT,N/A,715T120001008-REV-A,1,W/EXT
K1 MST,WO25-004-P036-002,"9-5\8"" EUE",L80,PFT,N/A,715T120001008-REV-A,1,W/EXT
WL ADAPTER,WO25-003-P055-002,"9-5/8"" VAMTOP",L80,PFT,N/A,712T000001001-REV-A,1,W/EXT
WL ADAPTER,WO25-003-P055-001,"9-5/8"" VAMTOP",L80,PFT,N/A,712T000001001-REV-A,1,W/EXT
PFT CR VALVE 001,WO24-001-P047-008,"9-5/8""",L80,PFT,N/A,702W000001018-REV-A,1,W/EXT
PFT CR VALVE 002,WO24-001-P047-007,"9-5/8""",L80,PFT,N/A,702W000001018-REV-A,1,W/EXT
PFT CR VALVE 003,WO24-001-P047-010,"9-5/8""",L80,PFT,N/A,702W000001018-REV-A,1,W/EXT
PFT BP SUB,WO24-001-P051-005,"9-5/8""",L80,PFT,N/A,706P100001003-REV-A,1,W/EXT
PFT COLLECT 001,WO24-001-P032-015,"9-5/8""",L80,PFT,N/A,702W000001019-REV-A,1,W/EXT
PFT COLLECT 002,WO24-001-P032-012,"9-5/8""",L80,PFT,N/A,702W000001019-REV-A,1,W/EXT
PFT COLLECT 003,WO24-001-P032-013,"9-5/8""",L80,PFT,N/A,702W000001019-REV-A,1,W/EXT
PFT SHEAR STUD,N/A,N/A,L80,PFT,N/A,N/A,100,COLD RM
PFT-TM,WO25-003-P53-001,N/A,L80,PFT,N/A,712W00001001-REV-A,1,COLD RM
PFT-TM,WO25-003-P53-002,N/A,L80,PFT,N/A,712W00001001-REV-A,1,COLD RM
PFT-TM,WO25-003-P22-002,N/A,L80,PFT,N/A,712W00001001-REV-A,1,COLD RM
PFT-TM,WO25-003-P22-001,N/A,L80,PFT,N/A,712W00001001-REV-A,1,COLD RM
TM-002,12261337/TM002,N/A,L80,SEG,H020822200REV1M; 4504917374,103686209SN06,1,COLD RM
TM-001,TM001,N/A,L80,SEG,H43319,N/A,1,COLD RM
TM-003,TM003,N/A,L80,SEG,N/A,N/A,1,COLD RM
TM-004,TM004,N/A,L80,SEG,N/A,N/A,1,COLD RM
TM-005,TM005,N/A,L80,SEG,H020822200FT,PN171347,1,COLD RM
BLANK PIPE,N/A,"5-1/2"" VAM 21 BOX X PIN",CHROME,TOTAL UPSTREAM NIG,N/A,N/A,38,F OF BASE
BLANK PIPE,N/A,"5-1/2"" VAMTOP BOX X PIN",L80,TOTAL UPSTREAM NIG,N/A,N/A,10,F OF BASE
DRILL PIPE,N/A,"4-1/2"" HCS BOX X PIN",CHROME,,N/A,N/A,32,B OF BASE
BLAST JOINT (20FT),N/A,"2-3/8"" HCS BOX X PIN",L80,BAKER,N/A,N/A,2,B OF BASE
BLAST JOINT (20FT),N/A,"3-1/2"" HCS BOX X PIN",L80,,N/A,N/A,4,B OF BASE
BLAST JOINT (20FT),N/A,"4-1/2"" VAMTOP BOX X PIN",CHROME,,N/A,N/A,4,B OF BASE
PUP JOINT (10FT),N/A,"3-1/2"" HCS BOX X PIN",CHROME,,N/A,N/A,14,B OF BASE
PUP JOINT (10FT),N/A,"3-1/2"" HCS BOX X PIN",L80,,N/A,N/A,1,
PUP JOINT (8FT),N/A,"3-1/2"" HCS BOX X PIN",CHROME,,N/A,N/A,8,B OF BASE
PUP JOINT (6FT),N/A,"3-1/2"" HCS BOX X PIN",CHROME,,N/A,N/A,2,B OF BASE
SBE,N/A,"6-5/8"" VAMTOP PIN X PIN ",CHROME,,N/A,N/A,2,B OF BASE
SBE,N/A,"7-5/8"" STC PIN X PIN",CHROME,,N/A,N/A,4,B OF BASE
FLOW COUPLING (10FT),N/A,"3-1/2"" HCS BOX X PIN",CHROME,,N/A,N/A,3,B OF BASE
MOE,N/A,"7"" BTC PIN X PIN",L80,,N/A,N/A,1,B OF BASE
MOE,N/A,"7"" BTC BOX X PIN",L80,,N/A,N/A,1,B OF BASE
PUP JOINT (6FT),N/A,"3-1/2"" HCS BOX X PIN",CHROME,,N/A,N/A,6,CARAVAN
PUP JOINT (4FT),N/A,"3-1/2"" HCS BOX X PIN",CHROME,,N/A,N/A,4,CARAVAN
PUP JOINT (2FT),N/A,"3-1/2"" HCS BOX X PIN",CHROME,,N/A,N/A,4,CARAVAN
PUP JOINT (2.3FT),N/A,"3-1/2"" HCS BOX X PIN",CHROME,,N/A,N/A,12,CARAVAN
X NIPPLE,#1059987899,"3-1/2"" BLANK X BLANK",CHROME,BAKER,H801602701,1270315,7,RACK 1B
X NIPPLE,N/A,"2-7/8"" HCS BOX X PIN",CHROME,,SN43197NP003-05,M431970,1,RACK 1B
X NIPPLE,N/A,"2-7/8"" HCS BOX X PIN",CHROME,,N/A,7966420,1,RACK 1B
X NIPPLE,N/A,"2-7/8"" HCS BOX X PIN",CHROME,,SN431997NP005-07,M431970,1,RACK 1B
X NIPPLE,N/A,"2-7/8"" HCS BOX X PIN",CHROME,,SN431997NP005-07,M431970,1,RACK 1B
X NIPPLE,N/A,"2-7/8"" HCS BOX X PIN",CHROME,,SN44901BM032-02,M449010,1,RACK 1B
X NIPPLE,N/A,"2-7/8"" HCS BOX X PIN",CHROME,,SN44181TA018-06,M449010,1,RACK 1B
X NIPPLE,N/A,"2-7/8"" HCS BOX X PIN",CHROME,,SN44901BM031-20,M449010,1,RACK 1B
X NIPPLE,N/A,"2-7/8"" HCS BOX X PIN",CHROME,,SN41901BM032-10,M149010,1,RACK 1B
X NIPPLE,N/A,"2-7/8"" HCS BOX X PIN",CHROME,,SN431979P005-1,M431970,1,RACK 1B
X NIPPLE,N/A,"2-7/8"" HCS BOX X PIN",CHROME,,SN13197NR003-08,M431970,1,RACK 1B
X NIPPLE,N/A,"2-3/8"" HCS BOX X PIN",CHROME,,N/A,11X10768-A,1,RACK 1B
X NIPPLE,N/A,"2-3/8"" HCS BOX X PIN",CHROME,OTIS,SN9207210094,711Y1440412426,1,RACK 1B
X NIPPLE,N/A,"2-3/8"" HCS BOX X PIN",CHROME,OTIS,SNX-10226,711X187040473318,1,RACK 1B
X NIPPLE,N/A,"2-3/8"" HCS BOX X PIN",CHROME,OTIS,SN9207210083,711Y1440412426,1,RACK 1B
X NIPPLE,N/A,"2-3/8"" HCS BOX X PIN",CHROME,OTIS,SNX-10255,711X187640475943,1,RACK 1B
X NIPPLE,N/A,"2-3/8"" HCS BOX X PIN",CHROME,OTIS,SN9207210084,711Y1440412426,1,RACK 1B
X NIPPLE,N/A,"2-3/8"" HCS BOX X PIN",CHROME,BAKER,H801990047,106481655,1,RACK 1B
X NIPPLE,N/A,"2-3/8"" HCS BOX X PIN",CHROME,OTIS,SN9207210082,711Y1440412426,1,RACK 1B
X NIPPLE,N/A,"2-3/8"" HCS BOX X PIN",CHROME,BAKER,H801601810,105319002,1,RACK 1B
X NIPPLE,N/A,"2-3/8"" HCS BOX X PIN",CHROME,OTIS,SNX-10224,711X18704-0477913,1,RACK 1B
X NIPPLE,N/A,"2-3/8"" HCS BOX X PIN",CHROME,OTIS,SNX-10224,711X18704-0477913,1,RACK 1B
X NIPPLE,N/A,"2-3/8"" HCS BOX X PIN",CHROME,OTIS,SN9207210098,711Y1440412426,1,RACK 1B
X NIPPLE,N/A,"3-1/2"" HCS BOX X PIN",CHROME,OTIS,SN9201170104,711Y140,1,RACK 1B
X NIPPLE,N/A,"4-1/2"" VAMTOP BOX X PIN",CHROME,,SMS-7100 2089-01,1949908-A,1,RACK 1B
X NIPPLE,N/A,"4-1/2"" VAMTOP BOX X PIN",CHROME,,SMS-7100 2089-02,1949908-A,1,RACK 1B
XN NIPPLE,N/A,"4-1/2"" BLANK X BLANK",CHROME,SEG,SMS-70996034-01,1232047-A,1,RACK 1B
XN NIPPLE,N/A,"4-1/2"" BLANK X BLANK",CHROME,SEG,SMS-70996034-02,1232047-A,1,RACK 1B
XN NIPPLE,N/A,"4-1/2"" BLANK X BLANK",CHROME,SEG,SMS-70996034-03,1232047-A,1,RACK 1B
XN NIPPLE,N/A,"4-1/2"" BLANK X BLANK",CHROME,SEG,SMS-70996034-04,1232047-A,1,RACK 1B
XN NIPPLE,N/A,"4-1/2"" BLANK X BLANK",CHROME,SEG,SMS-70996034-05,1232047-A,1,RACK 1B
XN NIPPLE,N/A,"4-1/2"" BLANK X BLANK",CHROME,SEG,SMS-70996034-06,1232047-A,1,RACK 1B
XN NIPPLE,WO24004-PC25-010,"2-7/8"" VAMTOP BOX X PIN",CHROME,PFT,N/A,"PFT903G000001,REV-A",1,RACK 1B
XN NIPPLE,WO24004-PC25-001,"2-7/8"" VAMTOP BOX X PIN",CHROME,PFT,N/A,"PFT903G000001,REV-A",1,RACK 1B
XN NIPPLE,N/A,"4-1/2"" VAMTOP BOX X PIN",CHROME,,SMS-71002046-02,1949306-A,1,RACK 1B
XN NIPPLE,WO6821-1,"4-1/2"" VAMTOP BOX X PIN",CHROME,,N/A,101909025REV-AB,1,RACK 1B
XN NIPPLE,N/A,"4-1/2"" VAMTOP BOX X PIN",CHROME,BAKER,H801785615,101315027,1,RACK 1B
XN NIPPLE,N/A,"2-3/8"" HCS BOX X PIN",CHROME,OTIS,SNX11358,711XN18707,1,RACK 1B
XN NIPPLE,N/A,"2-3/8"" HCS BOX X PIN",CHROME,OTIS,SNXN-2103,711XN18707-0476828,1,RACK 1B
XN NIPPLE,N/A,"2-3/8"" HCS BOX X PIN",CHROME,OTIS,707463-655155,11XN18752,1,RACK 1B
LOCATOR WITH BONDED SEALS,N/A,"3-1/2"" NATIONAL BOX X PIN",CHROME,,N/A,65506189,1,RACK 1B
CROSSOVER,N/A,"2-7/8"" HCS BOX X 3-1/2"" VAMTOP PIN",CHROME,,SGISL/486-09/23,N/A,1,RACK 1B
CROSSOVER,N/A,"2-7/8"" HCS PIN X 3-1/2"" HCS PIN",CHROME,ICON,IOSL/SPG/05/259,N/A,1,RACK 1B
CROSSOVER,N/A,"2-7/8"" HCS PIN X 3-1/2"" HCS PIN",CHROME,ICON,IOSL/SPG/05/260,N/A,1,RACK 1B
CROSSOVER,N/A,"3-1/2"" HCS PIN X PIN",CHROME,,HN15114051275,N/A,1,RACK 1B
CROSSOVER,N/A,"2-7/8"" VAMTOP BOX X 3-1/2"" TB PIN",CHROME,ICON,IOS/SPG/0625/222,N/A,1,RACK 1B
CROSSOVER,N/A,"3-1/2"" VAMTOP PIN X 2-7/8"" VAMTOP PIN",CHROME,ICON,IOS/SPG/0625/224.2,N/A,1,RACK 1B
CROSSOVER,N/A,"3-1/2"" VAMTOP PIN X 2-7/8"" VAMTOP PIN",CHROME,ICON,IOS/SPG/0625/224,N/A,1,RACK 1B
CROSSOVER,N/A,"3-1/2"" TB BOX X 2-7/8"" VAMTOP PIN",CHROME,ICON,IOS/SPG/0625/223,N/A,1,RACK 1B
CROSSOVER,N/A,"3-1/2"" VAMTOP BOX X 2-7/8"" VAMTOP PIN",CHROME,ICON,IOSL/SPG/0823/025,N/A,1,RACK 1B
COUPLING 001,N/A,"2-7/8"" EUE BOX X HCS PIN",CHROME,,N/A,N/A,1,RACK 1B
COUPLING 002,N/A,"3-1/2"" VAMTOP BOX X BLANK",CHROME,,N/A,N/A,1,RACK 1B
COUPLING 003,N/A,"3-1/2"" VAMTOP PIN X BLANK",CHROME,,N/A,N/A,1,RACK 1B
CROSSOVER,N/A,"3-1/2"" VAMTOP PIN X 2-7/8"" VAMTOP BOX",CHROME,,SN2,104784535,1,RACK 1B
CROSSOVER,N/A,"3-1/2"" VAMTOP PIN X 2-7/8"" VAMTOP BOX",CHROME,,SN9,104784527,1,RACK 1B
CROSSOVER,N/A,"3-1/2"" VAMTOP PIN X 2-7/8"" VAMTOP BOX",CHROME,,SN1,104784535,1,RACK 1B
CROSSOVER,N/A,"2-7/8"" VAMTOP BOX X 3-1/2"" VAMTOP PIN",CHROME,,SN7,104784531,1,RACK 1B
CROSSOVER,N/A,"2-7/8"" VAMTOP BOX X 3-1/2"" VAMTOP PIN",CHROME,,SN4,104784527,1,RACK 1B
CROSSOVER,N/A,"3-1/2"" VAMTOP PIN X 2-7/8"" VAMTOP BOX",CHROME,,SN1,104784531,1,RACK 1B
CROSSOVER,N/A,"2-7/8"" VAMTOP BOX X 3-1/2"" VAMTOP PIN",CHROME,,SN8,104784527,1,RACK 1B
CROSSOVER,N/A,"2-7/8"" VAMTOP BOX X 3-1/2"" VAMTOP PIN",CHROME,,SN2,104784527,1,RACK 1B
CROSSOVER,N/A,"2-7/8"" VAMTOP BOX X 3-1/2"" VAMTOP PIN",CHROME,,SN1,104784527,1,RACK 1B
CROSSOVER,N/A,"2-7/8"" VAMTOP BOX X 3-1/2"" VAMTOP PIN",CHROME,,SN9,104784531,1,RACK 1B
CROSSOVER,N/A,"2-7/8"" VAMTOP BOX X 3-1/2"" VAMTOP PIN",CHROME,,SN5,104784531,1,RACK 1B
CROSSOVER,N/A,"2-7/8"" VAMTOP BOX X 3-1/2"" VAMTOP PIN",CHROME,,SN7,104784535,1,RACK 1B
CROSSOVER,N/A,"2-7/8"" VAMTOP BOX X 3-1/2"" VAMTOP PIN",CHROME,,SN6,104784531,1,RACK 1B
CROSSOVER,N/A,"2-7/8"" VAMTOP BOX X 3-1/2"" VAMTOP PIN",CHROME,,SN7,104784527,1,RACK 1B
CROSSOVER,N/A,"2-7/8"" VAMTOP BOX X 3-1/2"" VAMTOP PIN",CHROME,,SN6,104784527,1,RACK 1B
CROSSOVER,N/A,"2-7/8"" VAMTOP BOX X 3-1/2"" VAMTOP PIN",CHROME,,SN3,104784531,1,RACK 1B
CROSSOVER,N/A,"2-7/8"" VAMTOP BOX X 3-1/2"" VAMTOP PIN",CHROME,,SN4,104794531,1,RACK 1B
CROSSOVER,N/A,"2-7/8"" VAMTOP BOX X 3-1/2"" VAMTOP PIN",CHROME,,SN5,104784537,1,RACK 1B
CROSSOVER,N/A,"2-7/8"" VAMTOP BOX X 3-1/2"" VAMTOP PIN",CHROME,,SN6,104784535,1,RACK 1B
CROSSOVER,N/A,"2-7/8"" VAMTOP BOX X 3-1/2"" VAMTOP PIN",CHROME,,SN3,104794527,1,RACK 1B
CROSSOVER,N/A,"2-7/8"" VAMTOP BOX X 3-1/2"" VAMTOP PIN",CHROME,,SN2,104784531,1,RACK 1B
HALF MULE SHOE,N/A,"3-1/2"" HCS BOX ",CHROME,,N/A,NISL-EMVAL-055,1,RACK 1B
MULE SHOE,N/A,"3-1/2"" HCS BOX X BLANK",CHROME,,SEG-HMS-01,N/A,1,RACK 1B
MULE SHOE,N/A,"3-1/2"" HCS BOX X BLANK",CHROME,,SEG-HMS-02,N/A,1,RACK 1B
HALF MULE SHOE,WO6226-2,"3-1/2"" JFEBEAR BOX",CHROME,,N/A,101614146REVAA,1,RACK 1B
HALF MULE SHOE,N/A,"2-7/8"" HCS BOX",CHROME,,SEG-HMS-03,N/A,1,RACK 1B
SEAL UNIT,N/A,"3-1/2"" STUB ACME BOX X PIN",CHROME,,H066507713-SN23,101380204-PM,1,RACK 1B
SEAL UNIT,N/A,"3-1/2"" STUB ACME BOX X PIN",CHROME,,H065500207-SN019,N/A,1,RACK 1B
SEAL UNIT,N/A,"3-1/2"" STUB ACME BOX X PIN",CHROME,,H065507713-SN05,102262450-E6,1,RACK 1B
SEAL UNIT,N/A,"3-1/2"" STUB ACME BOX X PIN",CHROME,,H065507713-SN04,102410583-JS,1,RACK 1B
SEAL UNIT,WO6108300,"3-1/2"" STUB ACME BOX X PIN",CHROME,,H065500207-SN018,N/A,1,RACK 1B
SEAL UNIT,N/A,"3-1/2"" STUB ACME BOX X PIN",CHROME,,H065507713-SN20,102410583-JS,1,RACK 1B
SEAL UNIT,WO6108300,"3-1/2"" STUB ACME BOX X PIN",CHROME,,H065500207-SN017,N/A,1,RACK 1B
SEAL UNIT,N/A,"2-7/8"" VAMTOP BOX X PIN",CHROME,,4444537439,61048,1,RACK 1B
SEAL UNIT,N/A,"2-7/8"" STUB ACME BOX X PIN",CHROME,,065503501,61084,6,RACK 1B
SEAL UNIT,N/A,"2-7/8"" STUB ACME BOX X PIN",CHROME,,065503501,59065,3,RACK 1B
SPACER 1,N/A,"3-1/16-12"" STUB ACME BOX X PIN",CHROME,,2289485-1,M-101281446,1,RACK 1B
SPACER 2,N/A,"3-1/16-12"" STUB ACME BOX X PIN",CHROME,,2191381-2,101281446,1,RACK 1B
SPACER 3,N/A,"3-1/16-12"" STUB ACME BOX X PIN",CHROME,,2272598-1,M101281446,1,RACK 1B
SPACER 4,N/A,"3-1/16-12"" STUB ACME BOX X PIN",CHROME,,2191381-1,101281446,1,RACK 1B
SEAL BORE EXTENSION,N/A,"3-1/2"" STUB ACME BOX X PIN",CHROME,,AFQ2055531-1,M101283969-B,1,RACK 1C
SEAL BORE EXTENSION,N/A,"3-1/2"" STUB ACME BOX X PIN",CHROME,,AFQ2055531-4,M101283969-B,1,RACK 1C
SEAL BORE EXTENSION,N/A,"5-1/2"" NATIONAL BOX X PIN",CHROME,,102675894DSR,H065581603NTNU,1,RACK 1C
RATCHETING MULE SHOE,P106343121-01,"4-1/2"" VAMTOP BOX",CHROME,,00004205445-01,M101739954,1,RACK 1C
RATCHETING MULE SHOE,P106343121-02,"4-1/2"" VAMTOP BOX",CHROME,,00004205445-02,M101739954,1,RACK 1C
RATCHETING MULE SHOE,N/A,"3-1/2"" VAMTOP BOX",CHROME,,S2309151-01,M101922624,1,RACK 1C
RATCHETING MULE SHOE,N/A,"3-1/2"" VAMTOP BOX",CHROME,,S2309151-02,M101922624,1,RACK 1C
RATCHETING MULE SHOE,N/A,"3-1/2"" VAMTOP BOX",CHROME,,S2309151-03,M101922624,1,RACK 1C
RATCHETING MULE SHOE,N/A,"5"" VAMTOP BOX ",CHROME,,SN71538772-3,2414848,1,RACK 1C
TELESCOPIC SWIVEL,N/A,"3-1/2"" VAMTOP BOX X PIN",CHROME,,0004283744-05,101639640,1,RACK 1C
TELESCOPIC SWIVEL,N/A,"3-1/2"" VAMTOP BOX X PIN",CHROME,,0004283744-08,101639640,1,RACK 1C
FLOW COUPLING ,N/A,"2-7/8"" HCS BOX X PIN",CHROME,,SG3265987-03,11FN1689-BHM,1,RACK 1C
SSD,N/A,"2-7/8"" EUE BOX X PIN",CHROME,OTIS,N/A,121X94451654,1,RACK 1C
SSD,N/A,"2-7/8"" EUE BOX X PIN",CHROME,OTIS,N/A,121X93451651,1,RACK 1C
SSD,N/A,"2-3/8"" HCS BOX X PIN",CHROME,OTIS,N/A,121X39805866,1,RACK 1C
SSD,N/A,"2-3/8"" HCS BOX X PIN",CHROME,OTIS,N/A,121XA2,1,RACK 1C
SSD,N/A,"2-3/8"" HCS BOX X PIN",CHROME,OTIS,9105010142,121Y14970640555,1,RACK 1C
SSD,N/A,"2-3/8"" HCS BOX X PIN",CHROME,OTIS,N/A,121X618585152,1,RACK 1C
SSD,N/A,"2-3/8"" HCS BOX X PIN",CHROME,OTIS,901116,121Y1197062001,1,RACK 1C
SSD,WO5048227,"2-3/8"" TSH",CHROME,OTIS,H035431006-SN3,103914648,1,RACK 1C
SSD,N/A,"2-3/8"" EUE PIN X PIN",CHROME,OTIS,N/A,121X40805567,1,RACK 1C
SSD,N/A,"2-3/8"" HCS BOX X PIN",CHROME,OTIS,N/A,121X439892178,1,RACK 1C
SSD,N/A,"2-3/8"" HCS BOX X PIN",CHROME,OTIS,N/A,121X484247301,1,RACK 1C
PUP JOINT,N/A,"3-1/2"" HCS BOX X PIN",CHROME,,N/A,N,9,B RACK 1C
SSV,N/A,"2-3/8"" VAMTOP BOX X PIN",CHROME,,18017185-2,1159276,1,WORKSHOP
SSV,N/A,"2-3/8"" VAMTOP BOX X PIN",CHROME,,18017185-1,1159276,1,WORKSHOP
SSV,N/A,"2-7/8"" HCS BOX X PIN",CHROME,,100092170AA,4161219,1,WORKSHOP
SSV,N/A,"3-1/2"" HCS BOX X PIN",CHROME,BAKER,H058590830UOO SN-03,107811253,1,WORKSHOP
SSV,N/A,"3-1/2"" HCS BOX X PIN",CHROME,BAKER,H82738007S14A SN-02,107811253,1,WORKSHOP
SSV,N/A,"3-1/2"" HCS BOX X PIN",CHROME,,,824-83-2810,1,WORKSHOP
SSV,N/A,"3-1/2"" HCS BOX X PIN",CHROME,BAKER,H057140513UOO SN-02,106951065,1,WORKSHOP
SSV,N/A,"3-1/2"" HCS BOX X PIN",CHROME,BAKER,H057369205UOO SN-02,106843937,1,WORKSHOP
SSV,N/A,"4-1/2"" VAMTOP BOX X PIN",CHROME,,SG3220672-02,M102338681,1,WORKSHOP
WIRELINE ENTRY GUIDE,N/A,"4-1/2"" NATIONAL BOX",L80,,4506069430-80,H065503902,1,RACK 2A
WIRELINE ENTRY GUIDE,N/A,"3-1/2"" HCS BOX ",L80,,SN01,7501233/003,1,RACK 2A
MULE SHOE,N/A,"2-7/8"" HCS BOX",L80,,01779447/1,15276580,1,RACK 2A
WIRELINE ENTRY GUIDE,N/A,"2-7/8"" HCS BOX",L80,,N/A,STSL/WF/359,1,RACK 2A
MULE SHOE,N/A,"2-7/8"" HCS BOX",L80,,01779447/2,15276580,1,RACK 2A
WIRELINE ENTRY GUIDE,N/A,"4-1/2"" NATIONAL BOX",L80,,H065503902,102283207,1,RACK 2A
WIRELINE ENTRY GUIDE,N/A,"4-1/2"" NATIONAL BOX",L80,,H065503902-80,4506069430,1,RACK 2A
WIRELINE ENTRY GUIDE,N/A,"4-1/2"" NATIONAL BOX",L80,,N/A,102283207,1,RACK 2A
WIRELINE ENTRY GUIDE,N/A,"4-1/2"" NATIONAL BOX",L80,,N/A,SEG-WEG-01,1,RACK 2A
WIRELINE ENTRY GUIDE,N/A,"4-1/2"" NATIONAL BOX",L80,,H065503902,102330017,1,RACK 2A
WIRELINE ENTRY GUIDE,N/A,"4-1/2"" NATIONAL BOX",L80,,H065503903,102283207,1,RACK 2A
WIRELINE ENTRY GUIDE,N/A,"3-1/2"" STUB ACME BOX X PIN",L80,,H065507700,1004094,1,RACK 2A
WIRELINE ENTRY GUIDE,N/A,"3-1/2"" STUB ACME BOX X PIN",L80,,H065507700-SN30,10044299,1,RACK 2A
WIRELINE ENTRY GUIDE,N/A,"3-1/2"" STUB ACME BOX X PIN",L80,,H065507700-SN21,N/A,1,RACK 2A
WIRELINE ENTRY GUIDE,N/A,"3-1/2"" STUB ACME BOX X PIN",L80,,H065500200-SN10,101052245,1,RACK 2A
WIRELINE ENTRY GUIDE,N/A,"3-1/2"" STUB ACME BOX X PIN",L80,,H065507700-SN37,102415197,1,RACK 2A
WIRELINE ENTRY GUIDE,N/A,"3-1/2"" STUB ACME BOX X PIN",L80,,H065507700-SN26,10241519,1,RACK 2A
WIRELINE ENTRY GUIDE,N/A,"3-1/2"" STUB ACME BOX X PIN",L80,,H065500200-SN22,101155055,1,RACK 2A
WIRELINE ENTRY GUIDE,N/A,"3-1/2"" STUB ACME BOX X PIN",L80,,N/A,SEG-SU-02,1,RACK 2A
WIRELINE ENTRY GUIDE,N/A,"3-1/2"" STUB ACME BOX X PIN",L80,,N/A,SEG-SU-03,1,RACK 2A
WIRELINE ENTRY GUIDE,N/A,"3-1/2"" STUB ACME BOX X PIN",L80,,H065507700-SN41,102415197,1,RACK 2A
WIRELINE ENTRY GUIDE,N/A,"3-1/2"" STUB ACME BOX X PIN",L80,,N/A,SEG-SU-04,1,RACK 2A
WIRELINE ENTRY GUIDE,N/A,"4-1/2"" STUB ACME BOX X PIN",L80,,H065503800,102342711,1,RACK 2A
SEAL UNIT,N/A,"2-7/8"" STUB ACME BOX X PIN",L80,,H034897200-SN36,100949584,1,RACK 2A
SEAL UNIT,WO-515415,"2-7/8"" STUB ACME BOX X PIN",L80,,SN-15360H,N/A,1,RACK 2A
SEAL UNIT,N/A,"2-7/8"" STUB ACME BOX X PIN",L80,,H034897200-SN45,100949584,1,RACK 2A
SEAL UNIT,WO-515415,"2-7/8"" STUB ACME BOX X PIN",L80,,SN-15371H,N/A,1,RACK 2A
SEAL UNIT,N/A,"2-7/8"" STUB ACME BOX X PIN",L80,,H034897200-SN20,100949584,1,RACK 2A
SEAL UNIT,N/A,"2-7/8"" STUB ACME BOX X PIN",L80,,H034897200-SN41,100949584,1,RACK 2A
SEAL UNIT,WO-515415,"2-7/8"" STUB ACME BOX X PIN",L80,,SN-15366H,N/A,1,RACK 2A
SEAL UNIT,N/A,"2-7/8"" STUB ACME BOX X PIN",L80,,H034897200-SN48,100949584,1,RACK 2A
SEAL UNIT,N/A,"3-1/2"" STUB ACME BOX X PIN",L80,,N/A,10048530,1,RACK 2A
SEAL UNIT,N/A,"3-1/2"" STUB ACME BOX X PIN",L80,,H065507700-SN,101156216,1,RACK 2A
SEAL UNIT,N/A,"3-1/2"" STUB ACME BOX X PIN",L80,,H065507700-SN001-83,102415197AS/JW,1,RACK 2A
SEAL UNIT,N/A,"3-1/2"" HCS BOX X STUB ACME PIN",L80,,H444537826,100562479GT,1,RACK 2A
SEAL UNIT,N/A,"3-1/2"" STUB ACME BOX X PIN",L80,,N/A,SEG-SU-01,1,RACK 2A
SEAL UNIT,N/A,"3-1/2"" STUB ACME BOX X PIN",L80,,H065500200,101139404,1,RACK 2A
X NIPPLE,N/A,"2-3/8"" HCS BOX X PIN",L80,,N/A,1100-05-187-121,1,RACK 2B
X NIPPLE,N/A,"2-3/8"" HCS BOX X PIN",L80,,N/A,1100-05-187-121,1,RACK 2B
X NIPPLE,N/A,"2-3/8"" HCS BOX X PIN",L80,,X-10228,711X18704,1,RACK 2B
X NIPPLE,N/A,"4-1/2"" EUE BOX X PIN",L80,,N/A,SEG-NIP-02,1,RACK 2B
X NIPPLE,N/A,"3-1/2"" HCS BOX X PIN",L80,,N/A,2756X2748,1,RACK 2B
X NIPPLE,N/A,"2-7/8"" HCS BOX X PIN",L80,,N/A,1100-05-231-236,1,RACK 2B
X NIPPLE,N/A,"3-1/2"" HCS BOX X PIN",L80,,N/A,207503,1,RACK 2B
X NIPPLE,N/A,"3-1/2"" HCS BOX X PIN",L80,,N/A,S/042834.001/002,1,RACK 2B
X NIPPLE,N/A,"3-1/2"" HCS BOX X PIN",L80,,N/A,207503,1,RACK 2B
X NIPPLE,N/A,"2-7/8"" VAMTOP BOX X PIN",L80,,N/A,101318938REVAE,1,RACK 2B
X NIPPLE,N/A,"2-7/8"" VAMTOP BOX X PIN",L80,,N/A,2256F3213-B,1,RACK 2B
X NIPPLE,N/A,"2-3/8"" HCS BOX X PIN",L80,,N/A,1100-05-187-121,1,RACK 2B
X NIPPLE,N/A,"2-7/8"" HCS BOX X PIN",L80,,N/A,1100-05-231-236,1,RACK 2B
XN NIPPLE,N/A,"2-3/8"" HCS BOX X PIN",L80,,N/A,1101-05-187-121,1,RACK 2B
XN NIPPLE,N/A,"2-3/8"" HCS BOX X PIN",L80,,X-NP-23-10822-29,N/A,1,RACK 2B
XN NIPPLE,N/A,"2-3/8"" HCS BOX X PIN",L80,,X-NP-23-10822-39,N/A,1,RACK 2B
XN NIPPLE,N/A,"2-3/8"" HCS BOX X PIN",L80,,N/A,SEG-NIP-01,1,RACK 2B
XN NIPPLE,N/A,"3-1/2"" HCS BOX X PIN",L80,OTIS,2352539-1,M101248176,1,RACK 2B
XN NIPPLE,N/A,"2-3/8"" HCS BOX X PIN",L80,,N/A,SEG-NIP-03,1,RACK 2B
XN NIPPLE,WO5824,"2-7/8"" HCS BOX X PIN",L80,,N/A,35-2250BERREV.A,1,RACK 2B
XN NIPPLE,N/A,"2-3/8"" HCS BOX X PIN",L80,,N/A,SEG-NIP-04,1,RACK 2B
XN NIPPLE,N/A,"2-7/8"" HCS BOX X PIN",L80,OTIS,N/A,PCS-250RNI78,1,RACK 2B
LOCATOR ,N/A,"3-1/2""  STUB ACME X BLANK",L80,BAKER,H4445292379,105292379,,RACK 2B
LOCATOR ,N/A,"4-1/2"" STUB ACME BOX X PIN",L80,BAKER,H444509101-SN5,103223030,,RACK 2B
LOCATOR ,N/A,"4-1/2"" STUB ACME BOX X PIN",L80,BAKER,H065503700-SN2,104322722,1,RACK 2B
LOCATOR ,N/A,"4-1/2"" STUB ACME BOX X PIN",L80,BAKER,H065503700-SN3,102361111,1,RACK 2B
LOCATOR ,N/A,"4-1/2"" STUB ACME BOX X PIN",L80,BAKER,H444509101-SN1,102414081,1,RACK 2B
LOCATOR WITH XO,N/A,"4-1/2"" STUB ACME PIN X 3-1/2"" HCS PIN",L80,BAKER,H065552728,100426447,1,RACK 2B
HYDROTRIP,N/A,"2-3/8"" HCS BOX X PIN",L80,BAKER,XO34835-003-2,8025569,1,RACK 2B
HYDROTRIP,N/A,"2-3/8"" HCS BOX X PIN",L80,,XO34835-003-1,8025569,1,RACK 2B
HYDROTRIP,N/A,"2-3/8"" HCS BOX X PIN",L80,,XO34835-003-3,8025569,1,RACK 2B
HYDROTRIP,N/A,"3-1/2"" HCS BOX X PIN",L80,SLB,350HTS5547,103274267,1,RACK 2B
HYDROTRIP,N/A,"4-1/2"" EUE BOX X PIN",L80,,N/A,ADDAX30165,1,RACK 2B
HYDROTRIP,N/A,"3-1/2"" HCS BOX X PIN",L80,,15K3500HT-13AA,74104081,1,RACK 2B
HYDROTRIP,N/A,"3-1/2"" HCS BOX X PIN",L80,,N/A,SEG-HTS-01,1,RACK 2B
HYDROTRIP,N/A,"3-1/2"" HCS BOX X PIN",L80,,N/A,350HYBTS1733-C5,1,RACK 2B
HYDROTRIP,N/A,"3-1/2"" HCS BOX X PIN",L80,,N/A,SEG-HTS-02,1,RACK 2B
HYDROTRIP,N/A,"3-1/2"" EUE BOX X PIN",L80,,HT99282000,ADDAX30131,1,RACK 2B
CROSSOVER,N/A,SUB BOTTOM BLACK CAT 9.625 X 6.0007 STC PIN,L80,WTFD,HT-3020010B                       SO-34773-2-03,1285546-A.4,1,RACK 2B
CROSSOVER,N/A,SUB BOTTOM BLACK CAT 9.625 X 6.0007 STC PIN,L80,WTFD,HT-3020010B                       SO-34773-2-02,1285546-A.4,1,RACK 2B
CROSSOVER,N/A,"6-5/8"" STC PIN X 7-5/8"" STC BOX",L80,,IOSL/SPG/06/24/012,,1,RACK 2B
CROSSOVER,N/A,"4.75"" NATIONAL BOX X 5.459"" STUB ACME PIN",L80,,IOSL/SPG/0325/036,N/A,1,RACK 2B
CROSSOVER,N/A,"5"" VAMTOP BOX X 3-1/2"" NUE PIN",L80,,IOS/ENL/0525/213,N/A,1,RACK 2B
CROSSOVER,N/A,"3-1/2"" HCS PIN X 3-1/2"" IF BOX",L80,,N/A,SEG-XO-01,1,RACK 2B
CROSSOVER,N/A,"3-1/2"" HCS PIN X VAMTOP BOX",CHROME,,N/A,MS18945-2-3/4,1,RACK 2B
CROSSOVER,N/A,"3-1/2"" HCS PIN X 2-7/8"" IF PIN",CHROME,,N/A,MS218719-1-4/5,1,RACK 2B
CROSSOVER,N/A,"3-1/2"" HCS PIN X 2-7/8"" HCS BOX",L80,,N/A,SEG-XO-02,1,RACK 2B
CROSSOVER,N/A,"3-1/2"" HCS PIN X 3-1/2"" VAMTOP BOX",L80,,N/A,SEG-XO-03,1,RACK 2B
CROSSOVER,N/A,"3-1/2"" VAMTOP BOX X 3-1/2"" HCS PIN",L80,,N/A,MS19833-1/4,1,RACK 2B
CROSSOVER,N/A,"2-3/8"" HCS PIN X 2-3/8"" EUE BOX",L80,,N/A,799-26-1426-23-2-L,1,RACK 2B
CROSSOVER,N/A,"2-3/8"" VAMTOP BOX X 2-3/8"" HCS PIN",L80,,STSL/WF/309,,1,RACK 2B
CROSSOVER,N/A,"2-7/8"" HCS BOX X 2-3/8"" HCS PIN",L80,,N/A,SEG-XO-04,1,RACK 2B
CROSSOVER,N/A,"2-3/8"" VAMTOP BOX X 2-3/8"" HCS PIN",L80,,STSL/WF/310,N/A,1,RACK 2B
CROSSOVER,N/A,"2-3/8"" RTS-8 BOX X 2-7/8"" TSH 511 PIN",L80,,N/A,MS17347-2-1/2,1,RACK 2B
CROSSOVER,N/A,"3-1/2"" VAMTOP BOX X 3-1/2"" HCS PIN",L80,,IOSL/SPG/05/225-2,N/A,1,RACK 2B
CROSSOVER,N/A,"3-1/2"" HCS PIN X PIN",L80,,N/A,SEG-XO-05,1,RACK 2B
CROSSOVER,N/A,"3-1/2"" HCS PIN X 3-1/2"" VAMTOP BOX",L80,,N/A,SEG-XO-06,1,RACK 2B
CROSSOVER,N/A,"2-7/8"" HCS BOX X 2-7/8"" EUE PIN",L80,,N/A,SEG-XO-08,1,RACK 2B
CROSSOVER,N/A,"3.625"" STUB ACME BOX X PIN",L80,,IOSL/SPG/06/066-2,N/A,1,RACK 2B
CROSSOVER,N/A,"3-1/2"" HCS PIN X VAMTOP BOX",L80,,N/A,SEG-XO-09,1,RACK 2B
CROSSOVER,N/A,"2-7/8"" HCS PIN X 3-1/2"" VAMTOP BOX",L80,,IOSL/SPG/0624/028,N/A,1,RACK 2B
CROSSOVER,N/A,"3-1/2"" EUE BOX X 2-7/8"" HCS PIN",L80,,N/A,SEG-XO-10,1,RACK 2B
CROSSOVER,N/A,"2-3/8"" RTS-8 BOX X 2-7/8"" HYDRIL 511 PIN",L80,,N/A,MS17039-2-2/2,1,RACK 2B
COUPLING,N/A,"3-1/2"" HCS BOX X BOX",L80,,N/A,003301FOC,1,RACK 2B
COUPLING,N/A,"3-1/2"" EUE BOX X HCS PIN",L80,,N/A,SEG-XO-07,1,RACK 2B
TELESCOPIC SWIVEL,N/A,"3-1/2"" HCS BOX X PIN",L80,,H014462603,102325068,1,RACK 2C
TELESCOPIC SWIVEL,N/A,"2-3/8"" HCS BOX X PIN",L80,,H-00A112672,T572-20A-611REVA,1,RACK 2C
TELESCOPIC SWIVEL,N/A,"2-7/8"" HCS BOX X PIN",L80,,H014460501-SN3,103952399,1,RACK 2C
TELESCOPIC SWIVEL,N/A,"3-1/2"" HCS BOX X PIN",L80,,N/A,A2037-835-02002,1,RACK 2C
TELESCOPIC SWIVEL,N/A,"3-1/2"" HCS BOX X PIN",L80,,20803452,288AOJ7821-A,1,RACK 2C
TELESCOPIC SWIVEL,N/A,"3-1/2"" HCS BOX X PIN",L80,,R59960,288AOJ7821-B,1,RACK 2C
TELESCOPIC SWIVEL,N/A,"4-1/2"" VAMTOP BOX X PIN",L80,,CTPO2260270-4,A2037-835-02002,1,RACK 2C
WASH DOWN SHOE,N/A,"3-1/2"" EUE BOX",L80,,,SEG-WDS-01,1,B RACK 2C
WASH DOWN SHOE,N/A,"3-1/2"" EUE BOX",L80,,101248,44613-002-00001,1,B RACK 2C
WASH DOWN SHOE,N/A,"3-1/2"" EUE BOX",L80,,,SEG-WDS-02,1,RACK 2C
WIRELINE SSV (2FT),N/A,"3-1/2"" HCS BOX X PIN",CHROME,OTIS,644520,711Y1761,1,B RACK 2C
WIRELINE SSV (2FT),N/A,"3-1/2"" HCS BOX X PIN",CHROME,OTIS,646553,711Y170,1,B RACK 2C
CROSSOVER,N/A,"6-5/8"" BTC BOX X 6-5/8"" VAMTOP PIN",L80,,IOS/SPG/0326/247,N/A,1,RACK 2C
CROSSOVER,N/A,"4.75"" STUB ACME BOX X 6-5/8"" BTC PIN",L80,,IOS/ENL/0525/211,N/A,1,RACK 2C
CROSSOVER,N/A,"6-5/8"" BTC BOX X 6-5/8"" VAMTOP PIN",L80,,IOS/SPG/0326/247-2,N/A,1,RACK 2C
CROSSOVER,N/A,"5-1/2"" VAMTOP BOX X 5-1/2"" LTC PIN",L80,,IOS/SPG/1225/238,N/A,1,RACK 2C
PFT COUPLING,WO24010-P032-W09,"4.75"" STUB ACME BOX X BLANK",L80,PFT,N/A,2114058001001-REV-A,1,RACK 2C
PFT COUPLING,WO24010-P032-W10,"4.75"" STUB ACME BOX X BLANK",L80,PFT,N/A,2114058001001-REV-A,1,RACK 2C
CROSSOVER,N/A,"2-7/8"" HCS BOX X 3-1/2"" VAMTOP PIN",L80,,IOSL/SPG/0624/029,N/A,1,RACK 2C
CROSSOVER,N/A,"3-1/2"" EUE BOX X HCS PIN",L80,,N/A,SEG-XO-011,1,RACK 2C
CROSSOVER,N/A,"3-1/2"" STUB ACME BOX X 2-7/8"" HCS PIN",L80,,N/A,SEG-XO-012,1,RACK 2C
WTFD BOTTOM SUB,N/A,"5-1/2"" EUE BOX X STUB ACME PIN",L80,,N/A,22958545299690,1,RACK 2C
WTFD LOCATOR,N/A,80-40,L80,,N/A,N/A,1,RACK 2C
BULL PLUG,N/A,"6-5/8"" VAMTOP BOX",L80,,IOSL/SPG/001,N/A,1,RACK 2C
BULL PLUG,N/A,"3-1/2"" JFEBEAR BOX",CHROME,,N/A,MSI9730-3-2/2,1,RACK 2C
BULL PLUG,N/A,4.75 STUB ACME BOX,L80,,IOS/SPG/02/005,N/A,1,RACK 2C
RATCHETING MULE SHOE,N/A,"4-1/2"" STUB ACME BOX",L80,,H066292002REV1/5,4505152504-20-9,1,RACK 2C
RATCHETING MULE SHOE,16A437,"4-1/2"" STUB ACME BOX",L80,,SN234070,403.47541,1,RACK 2C
RATCHETING MULE SHOE,W010234475/1,"6"" STUB ACME",L80,,N/A,1130536REVA,1,RACK 9C
RATCHETING MULE SHOE,N/A,"5""",CHROME,,N/A,SMS-71002302-2,1,RACK 9C
WTFD RATCHETING MULE SHOE,N/A,"6"" STUB ACME",L80,WTFD,N/A,1130536,1,RACK 9C
KOIV,N/A,"4-1/2"" VAMTOP BOX X PIN",L80,BAKER,H079345615550,102241090,1,WORKSHOP
KOIV,N/A,"4-1/2"" VAMTOP BOX X PIN",L80,BAKER,H079345615550,102241090,1,WORKSHOP
KOIV,N/A,"5-1/2"" EUE BOX X PIN",L80,BAKER,H487350021,107191342-03,1,WORKSHOP
KOIV,N/A,"7"" BTC BOX X PIN",L80,BAKER,H066131102  SN10,104326816,1,WORKSHOP
KOIV,N/A,"7"" BTC BOX X PIN",L80,BAKER,H078326401 SN3,10680766,1,WORKSHOP
KOIV,N/A,"7"" BTC BOX X PIN",L80,BAKER,N/A,ADS12HST,1,WORKSHOP
KOIV,N/A,"7"" BTC BOX X PIN",L80,BAKER,N/A,SEG-KOIV-01,1,WORKSHOP
KOIV,N/A,"7"" BTC BOX X PIN",L80,BAKER,H487357001 SN04,104327340,1,WORKSHOP
KOIV,N/A,"7"" BTC BOX X PIN",L80,BAKER,H282050767 SN02,106699800,1,WORKSHOP
KOIV,N/A,"7"" BTC BOX X PIN",L80,BAKER,H082050767,106699800,1,WORKSHOP
KOIV,N/A,"5-1/2"" EUE BOX X PIN",L80,BAKER,H487350021,107191342-07,1,WORKSHOP
KOIV,N/A,"5-1/2"" EUE BOX X PIN",L80,BAKER,H487350021,107191342-06,1,WORKSHOP
PARALLEL SNAP LATCH,N/A,"3-1/2"" HCS BOX",L80,,H014499081,4506674233-50,1,RACK 2C
PARALLEL SNAP LATCH,N/A,"3-1/2"" HCS BOX",L80,,N/A,9605222091HS7N5,1,RACK 2C
TEST CAP,N/A,"3-1/2"" HCS MALE & FEMALE",L80,,N/A,SEG-QC-01,1,RACK 2C
SSD,WO24004-A001-002,"2-7/8"" HCS BOX X PIN",L80,PFT,N/A,"902GT0000,REV-A",1,RACK 3B
SSD,WO24007-P054-003,"3-1/2"" BLANK X BLANK",L80,PFT,N/A,"902H799003004,REV-A",1,RACK 3B
SSD,12227547/1,"3-1/2"" BLANK X BLANK",L80,WTFD,N/A,31422960REV#A,1,RACK 3B
SSD,12227547/3,"3-1/2"" BLANK X BLANK",L80,WTFD,N/A,31422960REV#A,1,RACK 3B
SSD,12227547/4,"3-1/2"" BLANK X BLANK",L80,WTFD,N/A,31422960REV#A,1,RACK 3B
SSD,12227547/2,"3-1/2"" BLANK X BLANK",L80,WTFD,N/A,31422960REV#A,1,RACK 3B
SSD,N/A,"3-1/2"" HCS BOX X PIN",CHROME,OTIS,9108150026,N/A,1,RACK 3C
SSD,N/A,"3-1/2"" HCS BOX X PIN",CHROME,OTIS,621X27634-F,M485163,1,RACK 3C
SSD,N/A,"3-1/2"" HCS BOX X PIN",CHROME,HLBT,C1546282,M101065546,1,RACK 3C
SSD,N/A,"3-1/2"" HCS BOX X PIN",CHROME,OTIS,9210300052,121YXA15,1,RACK 3C
SSD,N/A,"3-1/2"" HCS BOX X PIN",CHROME,OTIS,9208260093,121Y1183,1,RACK 3C
SSD,N/A,"3-1/2"" HCS BOX X PIN",CHROME,BAKER,H610804278,104396582,1,RACK 3C
SSD,N/A,"3-1/2"" HCS BOX X PIN",L80,,N/A,SEG-SSD-001,1,RACK 3C
SSD,3792:4,"2-7/8"" HCS BOX X PIN",CHROME,,N/A,101683644,1,RACK 3C
SSD,N/A,"4-1/2"" HCS BOX X PIN",CHROME,OTIS,SN9308190035,121X1010-AKO,1,RACK 10B
SSD,N/A,"4-1/2"" HCS BOX X PIN",CHROME,OTIS,9309150006,121XA38120-AKO,1,RACK 10B
SSD,N/A,"4-1/2"" HCS BOX X PIN",CHROME,OTIS,N/A,M101065278,1,RACK 10B
SSD,N/A,"4-1/2"" VAMTOP BOX X PIN",L80,BAKER,H029994746JDK-SN001,102654375,1,RACK 9B
SSD,N/A,"4-1/2"" VAMTOP BOX X PIN",L80,BAKER,H810800035A101,102651553,1,RACK 9B
SSD,N/A,"4-1/2"" VAMTOP BOX X PIN",L80,BAKER,H029994746JDK-SN003,102651553,1,RACK 9B
SSD,N/A,"4-1/2"" VAMTOP BOX X PIN",L80,,H033139605,101339776,1,RACK 9B
SSD,N/A,"4-1/2"" VAMTOP BOX X PIN",L80,,H810795607 SN02,101381911,1,RACK 9B
SSD,N/A,"4-1/2"" VAMTOP BOX X PIN",CHROME,OTIS,SG-3240404-04,M102344292,1,RACK 10B
SSD,N/A,"4-1/2"" VAMTOP BOX X PIN",CHROME,OTIS,SG-3240404-03,M102344292,1,RACK 10B
SSD,N/A,"4-1/2"" VAMTOP BOX X PIN",CHROME,OTIS,SG-3240404-02,M102344292,1,RACK 10B
SSD,N/A,"4-1/2"" VAMTOP BOX X PIN",CHROME,OTIS,SG-3240404-01,M102344292,1,RACK 10B
SSD,N/A,"3-1/2"" VAMTOP BOX X PIN",CHROME,OTIS,ASSY 102171501; S2930922-10,62100149BHM,1,RACK 10A
SSD,N/A,"3-1/2"" VAMTOP BOX X PIN",CHROME,OTIS,ASSY 102171501; S2930922-09,62100149BHM,1,RACK 10A
CONTROL LINE,N/A,,,,N/A,N/A,3,RACK 3A
PUP JOINT (4FT),N/A,"3-1/2"" HCS BOX X PIN",L80,,N/A,N/A,1,RACK 2C
PUP JOINT (5FT),N/A,"3-1/2"" HCS BOX X PIN",L80,,N/A,N/A,3,RACK 2C
PUP JOINT (2FT),N/A,"3-1/2"" HCS BOX X PIN",L80,,N/A,N/A,9,B RACK 2C
PUP JOINT (2FT),N/A,"2-7/8"" HCS BOX X PIN",L80,,N/A,N/A,2,RACK 3C
PBR WITH COUPLING,WO24010-P035-009,"4.75"" BLANK X BLANK",L80,PFT,N/A,2115058001001-REVA,1,RACK 3C
SSV ,N/A,"2-7/8"" HCS BOX X PIN",CHROME,,001,"100092204,REVAB",1,RACK 3C
FLOW COUPLING (4FT),N/A,"4-1/2"" VAMTOP BOX X 2-7/8"" VAMTOP PIN",CHROME,,A3029-7AJ02,10002354-CPL,1,RACK 3C
FLOW COUPLING (4FT),N/A,"4-1/2"" BLANK X BLANK",CHROME,,N/A,N/A,1,RACK 3C
FLOW COUPLING (6FT),938734,"2-7/8"" HCS BOX X PIN",L80,,N/A,2282591-A,27,RACK 4B
FLOW COUPLING (6FT),N/A,"2-7/8"" EUE BOX X PIN",L80,,N/A,N/A,8,RACK 4C
FLOW COUPLING (4FT),N/A,"3-1/2"" EUE BOX X PIN",L80,,N/A,N/A,4,RACK 4C
FLOW COUPLING (4FT),N/A,"4-1/2"" EUE BOX X PIN",L80,,N/A,N/A,1,RACK 4C
FLOW COUPLING (4FT),N/A,"3-1/2"" EUE BOX X BOX",L80,,N/A,N/A,1,RACK 4C
K1 MST,W025-004P019-002,"7""",L80,PFT,N/A,PFT715P120001.REVA,1,RACK 4A
K1 MST,W024001-A010-002,"7""",L80,PFT,N/A,PFT715P120001.REVA,1,RACK 4A
K1 MST,W025-004P019-001,"7""",L80,PFT,N/A,715P120001006-REVA,1,RACK 4A
K1 MST,WO24001-P016-001,"7""",L80,PFT,N/A,715P120001006-REVA,1,RACK 4A
ADJUSTABLE SUB (2FT STROKE),12210906/4,"3-1/2"" BLANK X BLANK",L80,WTFD,N/A,3146140,1,RACK 5A
ADJUSTABLE SUB (2FT STROKE),12210906/3,"3-1/2"" BLANK X BLANK",L80,WTFD,N/A,3146140,1,RACK 5A
ADJUSTABLE SUB (2FT STROKE),12210906/2,"3-1/2"" BLANK X BLANK",L80,WTFD,N/A,3146140,1,RACK 5A
ADJUSTABLE SUB (2FT STROKE),12210906/1,"3-1/2"" BLANK X BLANK",L80,WTFD,N/A,3146140,1,RACK 5A
ADJUSTABLE SUB (2FT STROKE),12210906/5,"3-1/2"" BLANK X BLANK",L80,WTFD,N/A,3146140,1,RACK 5A
ADJUSTABLE SUB (2FT STROKE),12210906/6,"3-1/2"" BLANK X BLANK",L80,WTFD,N/A,3146140,1,RACK 5A
ADJUSTABLE SUB (2FT STROKE),12210906/7,"3-1/2"" BLANK X BLANK",L80,WTFD,N/A,3146140,1,RACK 5A
ADJUSTABLE SUB (2FT STROKE),12210906/8,"3-1/2"" BLANK X BLANK",L80,WTFD,N/A,3146140,1,RACK 5A
ADJUSTABLE SUB (2FT STROKE),12210906/9,"3-1/2"" BLANK X BLANK",L80,WTFD,N/A,3146140,1,RACK 5A
ADJUSTABLE SUB (2FT STROKE),12210906/10,"3-1/2"" BLANK X BLANK",L80,WTFD,N/A,3146140,1,RACK 5A
ADJUSTABLE SUB,WO24005-P012-004,"2-7/8"" HCS BOX X PIN",L80,PFT,N/A,"PFT212G000002,REV-A",1,RACK 3B
ADJUSTABLE SUB (2FT STROKE),WO24005-PC07-007,"2-7/8"" BLANK X BLANK",CHROME,PFT,N/A,212G00000101-REV-A,1,RACK 1B
ADJUSTABLE SUB (2FT STROKE),WO24005-PC07-005,"2-7/8"" BLANK X BLANK",CHROME,PFT,N/A,212G00000101-REV-A,1,RACK 1B
ADJUSTABLE SUB (2FT STROKE),WO24005-PC07-004,"2-7/8"" BLANK X BLANK",CHROME,PFT,N/A,212G00000101-REV-A,1,RACK 1B
ADJUSTABLE SUB (5FT STROKE),12094335/6,"2-7/8"" BLANK X BLANK",L80,WTFD,7662P,170292REVA,1,RACK 7A
ADJUSTABLE SUB (5FT STROKE),12094335/2,"2-7/8"" BLANK X BLANK",L80,WTFD,7662P,170292REVA,1,RACK 7A
ADJUSTABLE SUB (5FT STROKE),12094328/9,"2-7/8"" BLANK X BLANK",L80,WTFD,7272P,1784372REVA,1,RACK 8A
ADJUSTABLE SUB (5FT STROKE),12094328/10,"2-7/8"" BLANK X BLANK",L80,WTFD,7272P,1784372REVA,1,RACK 8A
ADJUSTABLE SUB (5FT STROKE),12094328/5,"2-7/8"" BLANK X BLANK",L80,WTFD,7272P,1784372REVA,1,RACK 8A
ADJUSTABLE SUB (5FT STROKE),12094328/11,"2-7/8"" BLANK X BLANK",L80,WTFD,7662P,170292REVA,1,RACK 8A
ADJUSTABLE SUB (5FT STROKE),12094335/8,"2-7/8"" BLANK X BLANK",L80,WTFD,7662P,170292REVA,1,RACK 7A
ADJUSTABLE SUB (5FT STROKE),12094335/3,"2-7/8"" BLANK X BLANK",L80,WTFD,7662P,170292REVA,1,RACK 7A
ADJUSTABLE SUB (5FT STROKE),12094335/5,"2-7/8"" BLANK X BLANK",L80,WTFD,7662P,170292REVA,1,RACK 7A
ADJUSTABLE SUB (5FT STROKE),12094335/7,"2-7/8"" BLANK X BLANK",L80,WTFD,7662P,170292REVA,1,RACK 7A
ADJUSTABLE SUB,12122112/2,"2-3/8"" VAMTOP BOX X PIN",L80,WTFD,7272P,824956REVA,1,RACK 9A
ADJUSTABLE SUB,12210917/1,"2-3/8"" VAMTOP BOX X PIN",L80,WTFD,N/A,3150539REVA,1,RACK 9A
ADJUSTABLE SUB,12122112/4,"2-3/8"" VAMTOP BOX X PIN",L80,WTFD,7272P,824956REVA,1,RACK 9A
ADJUSTABLE SUB,12122112/3,"2-3/8"" VAMTOP BOX X PIN",L80,WTFD,7272P,824956REVA,1,RACK 9A
GLM,N/A,"2-7/8"" BLANK X BLANK",L80,,10705680-198,90001379REV.D,1,RACK 5C
GLM,N/A,"2-7/8"" BLANK X BLANK",L80,,10721312-28,900018.40REV.I,1,RACK 5C
GLM,N/A,"2-7/8"" BLANK X BLANK",L80,,10721312-36,900018.40REV.I,1,RACK 5C
GLM,N/A,"2-7/8"" BLANK X BLANK",L80,,10721312-08,900018.40REV.I,1,RACK 5C
GLM,N/A,"2-7/8"" BLANK X BLANK",L80,,10721312-32,900018.40REV.I,1,RACK 5C
GLM,N/A,"2-3/8"" BLANK X BLANK",L80,,99980132-32,90001395REVB,1,RACK 6B
GLM,N/A,"2-3/8"" BLANK X BLANK",L80,,99980132-25,90001395REVB,1,RACK 6B
GLM,N/A,"2-3/8"" BLANK X BLANK",L80,,99980132-11,90001395REVB,1,RACK 6B
GLM,N/A,"2-3/8"" BLANK X BLANK",L80,,10162787-03,90001836REVB,1,RACK 6B
GLM,N/A,"2-3/8"" BLANK X BLANK",L80,,10162787-05,90001836REVB,1,RACK 6B
GLM,N/A,"3-1/2"" HCS BOX X PIN",L80,CAMCO,N/A,SEG-GLM-001,1,RACK 5C
GLM,N/A,"3-1/2"" HCS BOX X PIN",L80,WTFD,N/A,GLM-WTFD-01,1,RACK 5C
GLM,N/A,"3-1/2"" HCS BOX X PIN",L80,WTFD,N/A,GLM-WTFD-02,1,RACK 5C
GLM,N/A,"2-7/8"" BLANK X BLANK",L80,WTFD,N/A,GLM-WTFD-03,1,RACK 5B
GLM,N/A,"2-7/8"" BLANK X BLANK",L80,WTFD,N/A,GLM-WTFD-04,1,RACK 5B
GLM,N/A,"2-7/8"" BLANK X BLANK",L80,WTFD,N/A,GLM-WTFD-05,1,RACK 5B
GLM,N/A,"2-7/8"" BLANK X BLANK",L80,WTFD,N/A,GLM-WTFD-06,1,RACK 5B
GLM,N/A,"2-7/8"" BLANK X BLANK",L80,WTFD,N/A,GLM-WTFD-07,1,RACK 5B
GLM,N/A,"3-1/2"" HCS BOX X PIN",L80,WTFD,N/A,GLM-WTFD-08,1,RACK 6C
GLM,N/A,"2-3/8"" BLANK X BLANK",L80,WTFD,02-15704995,90001837,1,RACK 6B
GLM,N/A,"4-1/2"" VAMTOP BOX X PIN",L80,HALLIBURTON,986857 SN19830,4513172156,1,RACK 5C
GLM,N/A,"4-1/2"" VAMTOP BOX X PIN",L80,HALLIBURTON,19830-01,118141-11-11BHM,1,RACK 6C 
GLM,N/A,"4-1/2"" VAMTOP BOX X PIN",L80,HALLIBURTON,19316-11,118141-11-11BHM,1,RACK 6C 
GLM,N/A,"4-1/2"" VAMTOP BOX X PIN",L80,HALLIBURTON,19666-05,118141-11-11BHM,1,RACK 6C 
GLM,N/A,"4-1/2"" VAMTOP BOX X PIN",L80,HALLIBURTON,19666-01,118141-11-11BHM,1,RACK 6C 
GLM,N/A,"4-1/2"" VAMTOP BOX X PIN",L80,HALLIBURTON,19666-02,118141-11-11BHM,1,RACK 6C 
GLM,N/A,"4-1/2"" VAMTOP BOX X PIN",L80,HALLIBURTON,19666-03,118141-11-11BHM,1,RACK 6C 
GLM,N/A,"4-1/2"" VAMTOP BOX X PIN",L80,HALLIBURTON,19830-05,118141-11-11BHM,1,RACK 6C 
GLM,N/A,"4-1/2"" VAMTOP BOX X PIN",L80,HALLIBURTON,19666-04,118141-11-11BHM,1,RACK 6C 
GLM,N/A,"4-1/2"" VAMTOP BOX X PIN",L80,HALLIBURTON,19830-07,118141-11-11BHM,1,RACK 6C 
SCREEN-GUAGE 12,N/A,"5-1/2"" VAMTOP BOX X PIN (2610101)",CHROME,SLB,N/A,N/A,13,F OF BASE
SCREEN-GUAGE 10,N/A,"5-1/2"" VAMTOP BOX X PIN (2610103)",CHROME,SLB,N/A,N/A,5,F OF BASE
REAMER SHOE,N/A,"4-1/2"" BTC",L80,,N/A,SH-18-RS-0412,1,WORKSHOP
V-SET SHOE,N/A,"5-1/2"" HYDRIL 521",CHROME,,N/A,96B00951,1,WORKSHOP
V-SET SHOE,N/A,"5-1/2"" HYDRIL 521",CHROME,,N/A,88B00950,1,WORKSHOP
V-SET SHOE,N/A,"5-1/2"" HYDRIL 521",CHROME,,N/A,98B00952,1,WORKSHOP
V-SET SHOE,N/A,"4-1/2"" HCS",CHROME,,H100703297 SN28,100691963,1,WORKSHOP
FLOAT SHOE,N/A,"5-1/2"" VAMTOP",CHROME,,03,286-140-NC-11-NGZR,1,WORKSHOP
FLOAT SHOE,N/A,"5-1/2"" VAMTOP",CHROME,,02,226-140-NC-VI-DGZR,1,WORKSHOP
FLOAT SHOE,N/A,"5-1/2"" VAMTOP",CHROME,,01,226-140-NC-VI-DGZR,1,WORKSHOP
FLOAT SHOE,N/A,"7""",L80,,N/A,SEG-FS-01,1,WORKSHOP
FLOAT SHOE,N/A,"7-5/8""",L80,,N/A,SEG-FS-02,1,WORKSHOP
FLOAT SHOE,N/A,"9-5/8"" BTC",L80,,N/A,SEG-FS-03,1,WORKSHOP
FLOAT SHOE,N/A,"9-5/8"" BTC",L80,,N/A,SEG-FS-04,1,WORKSHOP
FLOAT COLLAR,N/A,"9-5/8"" BTC",L80,,N/A,SEG-FC-01,1,WORKSHOP
FLOAT COLLAR,N/A,"9-5/8"" BTC",L80,,N/A,SEG-FC-02,1,WORKSHOP
GRAVEL PACK VALVE,N/A,"5-1/2"" VAMTOP",L80,BAKER,H487360032 SN02,107071093,1,WORKSHOP
GRAVEL PACK VALVE,N/A,"5-1/2"" VAMTOP",L80,BAKER,H487360032 SN01,107071093,1,WORKSHOP
GRAVEL PACK VALVE,N/A,"5-1/2"" VAMTOP",L80,BAKER,H487360032 SN04,107071093,1,WORKSHOP
GRAVEL PACK VALVE,N/A,"5-1/2"" VAMTOP",L80,BAKER,H487360032 SN05,107071093,1,WORKSHOP
GRAVEL PACK VALVE,N/A,"5-1/2"" VAMTOP",L80,BAKER,H487360032 SN03,107071093,1,WORKSHOP
SINGLE STRING PACKER,954311,"9-5/8"" X 3-1/2"" VAMTOP BOX X PIN",CHROME,,N/A,2386960 REVA2,4,RACK 7C
SINGLE STRING PACKER,N/A,"7"" X 4-1/2"" VAMTOP BOX X PIN",CHROME,HALLIBURTON,102366582        SG3234325-03,811S38402-BHM,1,RACK 7C
SINGLE STRING PACKER,N/A,"7"" X 4-1/2"" VAMTOP BOX X PIN",CHROME,HALLIBURTON,102366582,811S38402-BHM,1,RACK 7C
SINGLE STRING PACKER,N/A,"7"" X 4-1/2"" VAMTOP BOX X PIN",CHROME,HALLIBURTON,102367839,812AHB7038-BHM,1,RACK 7B
SINGLE STRING PACKER,N/A,"7"" X 3-1/2"" HCS BOX X PIN",L80,WTFD,SN99912682-6,2552902,1,RACK 8B
SINGLE STRING PACKER,N/A,"7"" X 3-1/2"" HCS BOX X PIN",L80,WTFD,15245333,140267/650-73-513H,1,RACK 8B
SINGLE STRING PACKER,N/A,"7"" X 3-1/2"" HCS BOX X PIN",L80,WTFD,19910306,140267/650-73-513H,1,RACK 8B
SINGLE STRING PACKER,N/A,"7"" X 3-1/2"" HCS BOX X PIN",L80,WTFD,15245333-01,140267/650-73-513H,1,RACK 8B
SINGLE STRING PACKER,N/A,"9-5/8"" X 3-1/2"" VAMTOP BOX X PIN",L80,WTFD,97419106-2,2289864,1,RACK 8C
SINGLE STRING PACKER,N/A,"9-5/8"" X 3-1/2"" VAMTOP BOX X PIN",L80,WTFD,97419106-4,2289864,1,RACK 8C
SINGLE STRING PACKER,96995030/10,"9-5/8"" X 4-1/2"" VAMTOP BOX X PIN",CR-L80,,N/A,159585REVA,1,RACK 8C
SINGLE STRING PACKER,96995030/11,"9-5/8"" X 4-1/2"" VAMTOP BOX X PIN",CR-L80,,N/A,N/A,1,RACK 8C
SINGLE STRING PACKER,10222545-02,"9-5/8"" X 4-1/2"" VAMTOP BOX X PIN",L80,,N/A,1779735REVA,1,RACK 8C
SINGLE STRING PACKER,10222545-01,"9-5/8"" X 4-1/2"" VAMTOP BOX X PIN",L80,,92677,1779735REVA,1,RACK 8C
SEAL BORE PACKER,N/A,"7""",L80,,N/A,06-5942500,1,RACK 8B
SEAL BORE PACKER (SC-2R),N/A,"7"" SEAL LOCK HUNTING",CHROME,BAKER,H488633403500 SN3,104633925,1,RACK 9C
SEAL BORE PACKER (SC-2R),N/A,"7"" SEAL LOCK HUNTING",CHROME,BAKER,H488633403500 SN4,104633925,1,RACK 9C
WEATHERFORD BLACKCAT (SC-2R),N/A,"7"" STUB ACME",L80,WTFD,52097561/01,1225540,1,RACK 9C
WEATHERFORD BLACKCAT,11719376/3       11441405/4,"9-5/8""",L80,WTFD,3674P,1175863 REV#F,,RACK 9C
WEATHERFORD BLACKCAT,11719376/6,"9-5/8""",L80,WTFD,N/A,N/A,,RACK 9C
DUAL STRING PACKER,N/A,"7"" X 2-3/8""",CHROME,HALLIBURTON,ASSY 102060058   S 2595440-2,812BHD71215-BHM,1,RACK 7B
DUAL STRING PACKER,N/A,"7"" X 2-3/8""",CHROME,HALLIBURTON,ASSY 102060058   S 2595440-1,812BHD71215-BHM,1,RACK 7B
DUAL STRING PACKER,939644,"9-5/8"" X 3-1/2"" HCS BOX X PIN",L80,WTFD,N/A,N/A,1,RACK 7C
DUAL STRING PACKER,N/A,"9-5/8"" X 3-1/2"" VAMTOP BOX X PIN",CHROME,HALLIBURTON,92559529-0,N/A,1,RACK 10C
DUAL STRING PACKER,N/A,"9-5/8"" X 3-1/2"" VAMTOP BOX X PIN",CHROME,HALLIBURTON,92559529-2,N/A,1,RACK 10C
SUMP PACKER,N/A,"7""",L80,,H02432225N SN2,106767018,1,WORKSHOP
SSV ,N/A,"3-1/2"" HCS BOX X PIN",CHROME,WTFD,12668680,N/A,1,RACK 1C
SSV ,N/A,"3-1/2"" HCS BOX X PIN",CHROME,WTFD,12667316,N/A,1,RACK 1C
SSV ,N/A,"2-7/8"" HCS BOX X PIN",CHROME,WTFD,12668249,N/A,1,RACK 1C
SSV ASSY,,N/A,CHROME,,,,1,RACK 8A
SNAPLATCH/SEALS/MULE SHOE,N/A,"5-1/2""",CHROME,,59026,444569202,1,WORKSHOP
SNAPLATCH/SEALS/MULE SHOE,N/A,"5-1/2""",CHROME,,59027,444569202,1,WORKSHOP
SNAPLATCH WITH MULE SHOE,N/A,"6"" LTC BOX",L80,,11137912,1293804,1,WORKSHOP
SNAPLATCH WITH COUPLING,N/A,N/A,L80,,N/A,SEG-SL-02,1,WORKSHOP
SNAPLATCH,N/A,N/A,L80,,N/A,SEG-SL-01,1,WORKSHOP
SNAPLATCH,WO22033,"5-1/2""",L80,,57924,444529300,1,WORKSHOP
SNAPLATCH,N/A,"5-1/2""",CHROME,,68351,44529361,1,WORKSHOP
SNAPLATCH,N/A,"5-1/2""",CHROME,,190638-02,100335672,1,WORKSHOP
SNAPLATCH,N/A,5.459-8 STUB ACME,CHROME,,N/A,100616600,1,WORKSHOP
SHEAR OUT SAFETY,N/A,"5"" SEAL LOCK HT BOX X PIN",L80,BAKER,H066201502JDK SN5,103972804,1,WORKSHOP
SEAL BORE EXTENSION,N/A,"5-1/2"" VAMTOP BOX X PIN",L80,,H455340028JDK SN6,105968346,1,WORKSHOP
SEAL BORE EXTENSION,N/A,"5-1/2"" VAMTOP BOX X PIN",L80,,H455340028JDK SN4,105968346,1,WORKSHOP
LIFT NIPPLE,N/A,"2-3/8"" HCS",L80,,N/A,SEG-LN-01,1,WORKSHOP
LIFT NIPPLE,N/A,"4-1/2"" BTC",L80,,N/A,SEG-LN-02,1,WORKSHOP
LIFT NIPPLE,N/A,"4-1/2"" BTC",L80,,N/A,SEG-LN-03,1,WORKSHOP
BLANK PIPE,N/A,"4-1/2""",CHROME,,N/A,SEG-BP-01,1,RACK 10A
MILLOUT EXT WITH MULE SHOE,N/A,"7-5/8"" STC PIN",L80,,N/A,SEG-MMS-001,1,RACK 10C
MILLOUT EXT WITH COUPLING,N/A,"7"" SEAL LOCK HUNTING BOX X 5-1/2"" PIN",L80,,N/A,SEG-MMC-01,1,RACK 10C
MILLOUT EXT,N/A,"7"" LTC BOX X PIN",L80,,N/A,,1,WORKSHOP
MILLOUT EXT,N/A,"7"" BTC PIN X PIN",L80,,N/A,,1,WORKSHOP